industry,sub_industry,titles,no_titles_professionals,percent_total_titles,percent_female_titles,,
IT,Database Management,Vice President,414,0.059,0,,
IT,Database Management,Project Manager,39200,-1.00%,22,,
IT,Database Management,Director,378,0.011,0,,
IT,Database Management,Solutions Architect,278,0.045,34,,
IT,Database Management,Assistant Vice President,264,0.019,0,,
IT,Database Management,Senior Consultant,26000,-1.90%,4,,
IT,Database Management,Managing Director,22800,-1.70%,0,,
IT,Database Management,Manager,213,0.005,0,,
IT,Database Management,Data Specialist,209,0.181,48,,
IT,Database Management,System Engineer,20100.00%,-2.40%,51,,
IT,Database Management,Data Center Engineer,198,0.112,48,,
IT,Database Management,Senior Manager,186,0.063,0,,
IT,Database Management,Network Engineer,18600,-1.60%,67,,
IT,Database Management,Founder,184,0.04,0,,
IT,Database Management,Software Engineer,182,0.09,26,,
IT,Database Management,Head Of Information Technology,181,0.011,0,,
IT,Database Management,Senior System Engineer,17500,-6.40%,18,,
IT,Database Management,Information Technology Manager,16900,-4.50%,12,,
IT,Database Management,Senior Project Manager,168,0.006,7,,
IT,Database Management,Senior Software Engineer,16800,0.00%,11,,
IT,Database Management,Consultant,165,0.051,3,,
IT,Database Management,Business Analyst,163,0.058,8,,
IT,Database Management,Sales Director,159,0.039,1,,
IT,Database Management,Senior Network Engineer,149,0.072,16,,
IT,Database Management,Co-Founder,145,0.082,0,,
IT,Database Management,Chief Executive Officer,129,0.049,0,,
IT,Database Management,Data Engineer,128,0.219,122,,
IT,Database Management,Sales Manager,115,0.065,6,,
IT,Database Management,Service Project Manager,10900,-1.80%,1,,
IT,Database Management,Program Manager,10900,-5.20%,1,,
IT,Database Management,Technical Consultant,,-4.40%,2,,
IT,Database Management,Senior Solutions Architect,104,0.051,11,,
IT,Database Management,Information Technology Consultant,,-3.80%,0,,
IT,Database Management,Assistant Manager,100,0.299,0,,
IT,Database Management,Principal Consultant,,-3.80%,6,,
IT,Database Management,Chief Technology Officer,98,0.089,0,,
IT,Database Management,Business Development Manager,9600,-3.00%,5,,
IT,Database Management,General Manager,9300,-1.10%,0,,
IT,Database Management,Account Manager,9300,-7.90%,11,,
IT,Database Management,Senior Business Analyst,90,0.047,0,,
IT,Database Management,Technical Lead,87,0.074,7,,
IT,Database Management,Operations Manager,83,0.064,4,,
IT,Database Management,Senior Vice President,82,0.155,0,,
IT,Database Management,Director Of Business Development,81,0.095,0,,
IT,Database Management,Information Technology Specialist,8000.00%,-7.00%,10,,
IT,Database Management,Associate Director,75,0.014,0,,
IT,Database Management,Product Manager,74,0.104,1,,
IT,Database Management,Lead Consultant,7200.00%,-1.40%,2,,
IT,Database Management,Regional Sales Manager,71,0.183,0,,
IT,Database Management,System Administrator,7100.00%,-10.10%,9,,
IT,Database Management,Regional Sales Director,7000.00%,-2.80%,0,,
IT,Database Management,Account Director,6900.00%,-2.80%,0,,
IT,Database Management,Associate,6900.00%,-2.80%,0,,
IT,Database Management,Data Analyst,6900.00%,-10.40%,11,,
IT,Database Management,Lead,66,0.138,1,,
IT,Database Management,Data Scientist,6600.00%,-2.90%,30,,
IT,Database Management,Solutions Engineer,65,0.121,3,,
IT,Database Management,Senior System Analyst,65,0.048,4,,
IT,Database Management,Owner,6500.00%,-4.40%,0,,
IT,Database Management,Solutions Consultant,63,0.033,2,,
IT,Database Management,Senior Data Engineer,63,0.033,28,,
IT,Database Management,Director Of Information Technology,62,0.016,1,,
IT,Database Management,Technical Manager,61,0.052,1,,
IT,Database Management,Executive Director,60,0.053,0,,
IT,Database Management,DevOps Engineer,59,0.135,9,,
IT,Database Management,Facilities Engineer,58,0.094,9,,
IT,Database Management,Infrastructure Engineer,57,0.267,43,,
IT,Database Management,Sales Specialist,57,0.14,8,,
IT,Database Management,Head,57,0.118,0,,
IT,Database Management,Database Administrator,56,0.018,8,,
IT,Database Management,Information Technology Infrastructure Manager,55,0.00%,0,,
IT,Database Management,Project Engineer,54,0.149,6,,
IT,Database Management,Cloud Architect,54,0.102,0,,
IT,Database Management,Team Lead,5400.00%,-1.80%,1,,
IT,Database Management,Head Of Sales,5400.00%,-10.00%,0,,
IT,Database Management,Head Of Solutions,52,0.209,3,,
IT,Database Management,Information Technology Supervisor,5200.00%,-1.90%,3,,
IT,Database Management,Data Manager,51,0.133,16,,
IT,Database Management,Senior Information Technology Manager,5100.00%,-5.60%,0,,
IT,Database Management,Service Manager,50,0.02,3,,
IT,Database Management,Engineer,49,0.195,28,,
IT,Database Management,Information Technology Project Manager,4900.00%,-5.80%,3,,
IT,Database Management,Member,48,0.412,0,,
IT,Database Management,Business Intelligence Consultant,48,0.143,0,,
IT,Database Management,Technical Project Manager,48,0.116,1,,
IT,Database Management,Architect,48,0.067,1,,
IT,Database Management,Senior,4800.00%,-4.00%,7,,
IT,Database Management,Information Technology Engineer,4800.00%,-4.00%,10,,
IT,Database Management,Regional Director,4700.00%,0.00%,0,,
IT,Database Management,System Analyst,4700.00%,0.00%,1,,
IT,Database Management,Senior Information Technology Consultant,4600.00%,-2.10%,0,,
IT,Database Management,Vice President Information Technology,4600.00%,-4.20%,0,,
IT,Database Management,Datacenter Technician,45,0.216,10,,
IT,Database Management,Information Technology Executive,45,0.098,8,,
IT,Database Management,Senior Associate,4500.00%,-8.20%,0,,
IT,Database Management,Chief Information Officer,44,0.158,0,,
IT,Database Management,Sales Engineer,4400.00%,0.00%,5,,
IT,Database Management,Deputy Director,43,0.162,0,,
IT,Database Management,Senior Technical Consultant,4300.00%,0.00%,0,,
IT,Database Management,Technical Support Engineer,42,0.105,9,,
IT,CaaS,Director,23,0.095,0,,
IT,CaaS,Managing Director,2200.00%,0.00%,0,,
IT,CaaS,Sales Director,20,0.176,0,,
IT,CaaS,Chief Executive Officer,18,-5.30%,0,,
IT,CaaS,Founder,16,0.067,0,,
IT,CaaS,Director Of Business Development,16,0.00%,0,,
IT,CaaS,Head Of Sales,13,0.3,0,,
IT,CaaS,General Manager,11,0.1,0,,
IT,CaaS,Vice President of Sales,11,0.1,0,,
IT,CaaS,Regional Sales Director,10,0.00%,0,,
IT,CaaS,Sales Manager,10,-9.10%,0,,
IT,CaaS,Head,8,0.333,0,,7
IT,CaaS,Regional Sales Manager,8,0.333,0,,7
IT,CaaS,Account Director,8,-11.10%,0,,7
IT,CaaS,Sales Specialist,7,0.167,0,,6
IT,CaaS,Board Member,7,0.167,0,,6
IT,CaaS,Vice President,,-22.20%,0,,6
IT,CaaS,Sales Lead,7,0.2,0,,5
IT,CaaS,Co-Founder,,0.00%,0,,5
IT,CaaS,Business Development Manager,,-40.00%,0,,5
IT,CaaS,Director Alliances,,0.667,0,,5
IT,CaaS,Chief Technology Officer,,0.25,0,,5
IT,CaaS,Consultant,,0.25,0,,5
IT,CaaS,Owner,,0.00%,0,,5
IT,CaaS,Member Of The Board Of Advisors,,0.00%,0,,4
IT,CaaS,Customer Success Manager,,0.00%,0,,4
IT,CaaS,President,,-16.70%,0,,4
IT,CaaS,Client Director,,0.333,0,,4
IT,CaaS,Chairperson,,0.333,0,,4
IT,CaaS,Business Development Specialist,,0.333,0,,4
IT,CaaS,Senior Regional Director,,0.333,0,,4
IT,CaaS,Regional Vice President,,0.00%,0,,4
IT,CaaS,Project Manager,,0.00%,0,,4
IT,CaaS,Senior Account Manager,,0.00%,0,,4
IT,CaaS,Global Account Director,,-20.00%,0,,4
IT,CaaS,Country Manager,,-20.00%,0,,3
IT,CaaS,Regional Director,,-20.00%,0,,3
IT,CaaS,Director Of Services,,-20.00%,0,,3
IT,CaaS,Head Of Infrastructure,,2,0,,3
IT,CaaS,Client Partner,,0.5,0,,3
IT,CaaS,Lead,,0.5,0,,3
IT,CaaS,Key Account Director,,0.5,0,,3
IT,CaaS,Enterprise Account Manager,,0.5,0,,3
IT,CaaS,Advocate,,0.00%,0,,3
IT,CaaS,Senior Sales Director,,0.00%,0,,3
IT,CaaS,Regional Sales Lead,,0.00%,0,,3
IT,CaaS,Solutions Director,,0.00%,0,,3
IT,CaaS,Principal Consultant,,0.00%,0,,3
IT,CaaS,Director Sales Engineering,,0.00%,0,,3
IT,CaaS,Account Manager,2,0.00%,0,,2
IT,CaaS,Head of Product,2,0.00%,0,,2
IT,CaaS,Solutions Architect,2,0.00%,0,,2
IT,CaaS,Solutions Engineer,2,1,0,,2
IT,CaaS,Director of Customer Success,2,1,0,,2
IT,CaaS,Head Of Digital,2,1,0,,2
IT,CaaS,Vice President Solutions,2,1,0,,2
IT,CaaS,Chief Operating Officer,2,1,0,,2
IT,CaaS,Investor,2,1,0,,2
IT,CaaS,Client Services Manager,2,1,0,,2
IT,CaaS,Senior Director Sales Operations,2,0.00%,0,,2
IT,CaaS,Vice President Of Engineering,2,0.00%,0,,2
IT,CaaS,Senior Channel Sales Manager,2,0.00%,0,,2
IT,CaaS,Solutions Consultant,2,0.00%,0,,2
IT,CaaS,Head Of Solutions,2,0.00%,0,,2
IT,CaaS,Program Manager,2,0.00%,0,,2
IT,CaaS,Financial Advisor,2,0.00%,0,,2
IT,CaaS,Director Channel Sales,2,0.00%,0,,2
IT,CaaS,Managing Partner,2,0.00%,0,,2
IT,CaaS,Software Specialist,2,0.00%,0,,2
IT,CaaS,Project Director,2,0.00%,0,,2
IT,CaaS,Director Customer Solutions,2,0.00%,0,,2
IT,CaaS,Advisor,2,0.00%,0,,2
IT,CaaS,Senior Project Manager,2,0.00%,0,,2
IT,CaaS,Channel Sales Specialist,2,0.00%,0,,2
IT,CaaS,Assistant General Manager,2,0.00%,0,,2
IT,CaaS,Technical Director,2,0.00%,0,,2
IT,CaaS,Sales Engineer,2,0.00%,0,,2
IT,CaaS,Information Technology Specialist,2,0.00%,0,,2
IT,CaaS,Senior Advisor,2,0.00%,0,,2
IT,CaaS,Enterprise Sales Manager,2,0.00%,0,,2
IT,CaaS,Area Vice President,2,0.00%,0,,2
IT,CaaS,Global Account Manager,2,0.00%,0,,2
IT,CaaS,Technical Sales Manager,2,0.00%,0,,2
IT,CaaS,Vice President Strategy,2,0.00%,0,,2
IT,CaaS,Marketing Director,2,0.00%,0,,2
IT,CaaS,Head Of Marketing,2,0.00%,0,,2
IT,CaaS,Product Sales Specialist,2,0.00%,0,,2
IT,CaaS,Senior Product Manager,2,0.00%,0,,2
IT,CaaS,Technical Consultant,2,0.00%,0,,2
IT,CaaS,Business Lead,2,0.00%,0,,2
IT,CaaS,Senior Sales Manager,2,0.00%,0,,2
IT,CaaS,Senior Account Director,2,0.00%,0,,2
IT,CaaS,Senior Vice President,2,0.00%,0,,2
IT,CaaS,Researcher,2,0.00%,0,,2
IT,CaaS,Lead Product Manager,2,-33.30%,0,,2
IT,CaaS,Manager of Sales,2,-33.30%,0,,2
IT,CaaS,Member,2,-33.30%,0,,2
IT,CaaS,Strategic Account Director,2,-33.30%,0,,
IT,CaaS,Channel Specialist,2,-50.00%,0,,
IT,CaaS,Senior Vice President Of Sales,2,,0,,
IT,Cloud Computing,Data Engineer,225,0.788,116,,
IT,Cloud Computing,Data Analyst,106,0.725,12,,
IT,Cloud Computing,Infrastructure Engineer,85,0.564,38,,
IT,Cloud Computing,Technical Lead,267,0.542,42,,
IT,Cloud Computing,Business Analyst,134,0.5,22,,
IT,Cloud Computing,Data Scientist,230,0.482,37,,
IT,Cloud Computing,Associate,134,0.474,4,,
IT,Cloud Computing,Solutions Engineer,143,0.464,30,,
IT,Cloud Computing,Senior Data Scientist,89,0.462,17,,
IT,Cloud Computing,Senior Associate,94,0.444,1,,
IT,Cloud Computing,Cyber Security Specialist,98,0.432,8,,
IT,Cloud Computing,Software Engineer,1297,0.421,338,,
IT,Cloud Computing,Data Specialist,124,0.411,9,,
IT,Cloud Computing,Senior System Analyst,82,0.405,8,,
IT,Cloud Computing,Lead Software Engineer,161,0.376,33,,
IT,Cloud Computing,Assistant Vice President,230,0.356,0,,
IT,Cloud Computing,Senior System Engineer,221,0.341,11,,
IT,Cloud Computing,System Analyst,86,0.333,28,,
IT,Cloud Computing,Mentor,100,0.311,0,,
IT,Cloud Computing,System Engineer,275,0.294,75,,
IT,Cloud Computing,Network Engineer,85,0.29,39,,
IT,Cloud Computing,Senior Data Engineer,82,0.289,26,,
IT,Cloud Computing,Assistant Manager,124,0.288,0,,
IT,Cloud Computing,Head Of Engineering,97,0.286,10,,
IT,Cloud Computing,Principal Software Engineer,114,0.284,9,,
IT,Cloud Computing,Senior Software Engineer,936,0.266,154,,
IT,Cloud Computing,Marketing Manager,83,0.263,6,,
IT,Cloud Computing,DevOps Engineer,332,0.257,250,,
IT,Cloud Computing,Member,181,0.25,0,,
IT,Cloud Computing,Senior Project Manager,178,0.244,8,,
IT,Cloud Computing,Member Of The Board Of Advisors,112,0.232,0,,
IT,Cloud Computing,Advisor,143,0.232,0,,
IT,Cloud Computing,Full Stack Engineer,274,0.228,144,,
IT,Cloud Computing,Project Manager,463,0.225,27,,
IT,Cloud Computing,Architect,94,0.224,21,,
IT,Cloud Computing,Head Of Solutions,105,0.224,2,,
IT,Cloud Computing,Customer Success Manager,151,0.221,13,,
IT,Cloud Computing,Senior,84,0.22,13,,
IT,Cloud Computing,Sales Lead,87,0.218,1,,
IT,Cloud Computing,Engineering Manager,109,0.213,14,,
IT,Cloud Computing,Senior Consultant,402,0.205,10,,
IT,Cloud Computing,Partner,144,0.203,1,,
IT,Cloud Computing,Solutions Architect,711,0.197,105,,
IT,Cloud Computing,Senior Manager,250,0.197,0,,
IT,Cloud Computing,Information Technology Specialist,109,0.194,19,,
IT,Cloud Computing,Digital Specialist,115,0.192,8,,
IT,Cloud Computing,Information Technology Consultant,181,0.189,7,,
IT,Cloud Computing,Vice President,513,0.181,4,,
IT,Cloud Computing,Product Manager,220,0.179,15,,
IT,Cloud Computing,Head,144,0.178,1,,
IT,Cloud Computing,President,97,0.177,0,,
IT,Cloud Computing,Account Executive,91,0.175,31,,
IT,Cloud Computing,Cloud Architect,155,0.168,56,,
IT,Cloud Computing,Team Lead,95,0.167,8,,
IT,Cloud Computing,Business Development Specialist,158,0.16,2,,
IT,Cloud Computing,Senior Solutions Architect,223,0.156,17,,
IT,Cloud Computing,Consultant,370,0.155,18,,
IT,Cloud Computing,Cloud Engineer,177,0.154,95,,
IT,Cloud Computing,Executive Director,116,0.145,0,,
IT,Cloud Computing,Head Of Sales,205,0.135,4,,
IT,Cloud Computing,Principal Consultant,162,0.133,1,,
IT,Cloud Computing,Co-Founder,771,0.133,2,,
IT,Cloud Computing,Solutions Specialist,87,0.125,4,,
IT,Cloud Computing,Founder,805,0.121,0,,
IT,Cloud Computing,Investor,97,0.12,0,,
IT,Cloud Computing,Head Of Business Development,83,0.12,0,,
IT,Cloud Computing,Senior Account Manager,108,0.1,3,,
IT,Cloud Computing,Service Project Manager,91,0.098,1,,
IT,Cloud Computing,Head Of Information Technology,253,0.097,6,,
IT,Cloud Computing,Chief Technology Officer,356,0.09,15,,
IT,Cloud Computing,Manager,323,0.089,4,,
IT,Cloud Computing,Senior Sales Manager,93,0.088,2,,
IT,Cloud Computing,Solutions Consultant,133,0.087,17,,
IT,Cloud Computing,Lead,147,0.085,3,,
IT,Cloud Computing,Board Member,166,0.075,0,,
IT,Cloud Computing,Senior Vice President,108,0.074,3,,
IT,Cloud Computing,Head Of Marketing,86,0.07,0,,
IT,Cloud Computing,Sales Specialist,150,0.069,21,,
IT,Cloud Computing,Associate Director,101,0.067,1,,
IT,Cloud Computing,Owner,198,0.065,1,,
IT,Cloud Computing,Technical Manager,90,0.065,11,,
IT,IT Hardware,Engineer,307,0.055,1,,
IT,Cloud Computing,Technical Consultant,142,0.054,19,,
IT,IT Software,Software Engineer,1545,0.05,64,,
IT,Cloud Computing,Program Manager,164,0.048,16,,
IT,Fintech,Financial Services Consultant,"2,532",4.60%,33,,
IT,Networks,Network Engineer,1175,0.046,236,,
IT,Cloud Computing,Business Development Manager,309,0.045,30,,
IT,Cloud Computing,Chief Executive Officer,577,0.043,1,,
IT,IT Hardware,Engineering Specialist,237,0.042,8,,
IT,Cloud Computing,Information Technology Manager,182,0.041,10,,
IT,Cloud Computing,Director,817,0.039,0,,
IT,IT Hardware,Manager,186,0.033,0,,
IT,Cloud Computing,Director Of Business Development,217,0.033,4,,
IT,IT Hardware,Senior Engineer,181,0.032,2,,
IT,Cloud Computing,Managing Director,667,0.032,0,,
IT,Cloud Computing,Sales Director,429,0.03,9,,
IT,IT Hardware,Director,164,0.029,0,,
IT,IT Hardware,Owner,158,0.028,0,,
IT,IT Hardware,Staff Engineer,152,0.027,0,,
IT,Cloud Computing,Sales Manager,261,0.026,31,,
IT,Cybersecurity,Manager,662,0.026,0.38,,
IT,Fintech,Director,"1,414",2.60%,3,,
IT,Telecommunications,Manager,662,0.026,3,,
IT,Cybersecurity,Engineer,598,0.024,0.28,,
IT,Telecommunications,Engineer,598,0.024,12,,
IT,Cybersecurity,Director,525,0.021,0.25,,
IT,IT Software,Director,656,0.021,1,,
IT,Fintech,Founder,"1,172",2.10%,0,,
IT,Telecommunications,Director,525,0.021,1,,
IT,IT Software,Senior Software Engineer,611,0.02,30,,
IT,Fintech,Co-Founder,"1,093",2.00%,0,,
IT,IT Hardware,Senior Manager,107,0.019,0,,
IT,Fintech,Managing Director,"1,057",1.90%,0,,
IT,Cloud Computing,Regional Sales Manager,147,0.019,14,,
IT,IT Software,Co-Founder,549,0.018,0,,
IT,Cybersecurity,Project Manager,436,0.017,0.27,,
IT,IT Software,Founder,530,0.017,0,,
IT,Fintech,Financial Services Manager,955,1.70%,12,,
IT,Telecommunications,Project Manager,436,0.017,6,,
IT,Networks,System Engineer,421,0.017,60,,
IT,IT Software,Consultant,490,0.016,6,,
IT,Networks,Senior Network Engineer,399,0.016,55,,
IT,IT Hardware,Managing Director,87,0.015,0,,
IT,Fintech,Vice President,855,1.50%,6,,
IT,Fintech,Chief Executive Officer,825,1.50%,2,,
IT,IT Software,Owner,433,0.014,1,,
IT,IT Software,Manager,416,0.014,2,,
IT,IT Hardware,Technician,79,0.014,0,,
IT,Cybersecurity,Sales Manager,339,0.013,0.36,,
IT,Cybersecurity,Account Manager,329,0.013,0.47,,
IT,IT Software,Project Manager,410,0.013,9,,
IT,IT Hardware,Account Manager,75,0.013,0,,
IT,Fintech,Financial Advisor,745,1.30%,18,,
IT,Telecommunications,Sales Manager,339,0.013,3,,
IT,Telecommunications,Account Manager,329,0.013,4,,
IT,Networks,Software Engineer,336,0.013,4,,
IT,Networks,Director,335,0.013,0,,
IT,Networks,Founder,324,0.013,0,,
IT,IT Software,Managing Director,378,0.012,0,,
IT,IT Software,Chief Executive Officer,374,0.012,1,,
IT,IT Hardware,Software Engineer,67,0.012,2,,
IT,IT Hardware,Sales Manager,66,0.012,1,,
IT,IT Hardware,Sales Specialist,66,0.012,0,,
IT,Networks,Project Manager,316,0.012,4,,
IT,Cybersecurity,Associate Engineer,288,0.011,0.3,,
IT,Cybersecurity,Owner,286,0.011,0.2,,
IT,Cybersecurity,Software Engineer,277,0.011,0.34,,
IT,Cybersecurity,Managing Director,271,0.011,0.15,,
IT,Telecommunications,Associate Engineer,288,0.011,12,,
IT,Telecommunications,Owner,286,0.011,0,,
IT,Telecommunications,Software Engineer,277,0.011,13,,
IT,Telecommunications,Managing Director,271,0.011,0,,
IT,Networks,Senior System Engineer,269,0.011,20,,
IT,Cybersecurity,Senior Manager,247,0.01,0.38,,
IT,Fintech,Financial Consultant,581,1.00%,21,,
IT,Telecommunications,Senior Manager,247,0.01,3,,
IT,Networks,Managing Director,260,0.01,4,,
IT,Networks,Co-Founder,250,0.01,0,,
IT,Networks,Information Technology Manager,247,0.01,8,,
IT,Cybersecurity,Network Engineer,227,0.009,0.24,,
IT,IT Software,Senior Consultant,269,0.009,1,,
IT,Fintech,Manager,500,0.90%,0,,
IT,Fintech,Associate,486,0.90%,9,,
IT,Fintech,Assistant Vice President,485,0.90%,13,,
IT,Telecommunications,Network Engineer,227,0.009,13,,
IT,Networks,Manager,235,0.009,0,,
IT,Cybersecurity,Sales Director,213,0.008,0.28,,
IT,Cybersecurity,Sales Specialist,211,0.008,0.38,,
IT,Cybersecurity,Executive,202,0.008,0.53,,
IT,Cybersecurity,Business Development Manager,191,0.008,0.27,,
IT,Cybersecurity,Sales Executive,190,0.008,0.4,,
IT,Cybersecurity,Senior Engineer,189,0.008,0.37,,
IT,IT Software,Business Development Manager,260,0.008,11,,
IT,IT Software,Sales Director,257,0.008,7,,
IT,IT Hardware,Senior Staff Engineer,47,0.008,0,,
IT,IT Hardware,Administrative Assistant,45,0.008,0,,
IT,IT Hardware,Senior Software Engineer,44,0.008,0,,
IT,IT Hardware,Engineering Assistant,44,0.008,0,,
IT,IT Hardware,Business Development Manager,43,0.008,0,,
IT,Fintech,Financial Director,464,0.80%,3,,
IT,Fintech,Relationship Manager,449,0.80%,43,,
IT,Fintech,Consultant,428,0.80%,7,,
IT,Fintech,Associate Director,419,0.80%,2,,
IT,Fintech,Partner,418,0.80%,0,,
IT,Telecommunications,Sales Director,213,0.008,2,,
IT,Telecommunications,Sales Specialist,211,0.008,2,,
IT,Telecommunications,Executive,202,0.008,3,,
IT,Telecommunications,Business Development Manager,191,0.008,5,,
IT,Telecommunications,Sales Executive,190,0.008,4,,
IT,Telecommunications,Senior Engineer,189,0.008,4,,
IT,Networks,Solutions Architect,215,0.008,5,,
IT,Cybersecurity,Chief Executive Officer,179,0.007,0.13,,
IT,Cybersecurity,General Manager,176,0.007,0.23,,
IT,Cybersecurity,Product Manager,169,0.007,0.41,,
IT,Cybersecurity,Project Engineer,169,0.007,0.15,,
IT,IT Software,Account Manager,223,0.007,6,,
IT,IT Software,Solutions Architect,222,0.007,7,,
IT,IT Software,Vice President,209,0.007,1,,
IT,IT Software,General Manager,206,0.007,0,,
IT,IT Software,Sales Manager,200,0.007,10,,
IT,IT Hardware,Product Manager,42,0.007,1,,
IT,IT Hardware,General Manager,39,0.007,0,,
IT,IT Hardware,Process Engineer,37,0.007,1,,
IT,Fintech,Business Development Manager,383,0.70%,62,,
IT,Fintech,Financial Services Associate,365,0.70%,11,,
IT,Telecommunications,Chief Executive Officer,179,0.007,0,,
IT,Telecommunications,General Manager,176,0.007,0,,
IT,Telecommunications,Product Manager,169,0.007,7,,
IT,Telecommunications,Project Engineer,169,0.007,2,,
IT,Networks,Information Technology Executive,180,0.007,24,,
IT,Networks,Senior Consultant,173,0.007,2,,
IT,Networks,Business Development Manager,172,0.007,38,,
IT,Networks,Information Technology Specialist,169,0.007,18,,
IT,Cybersecurity,Consultant,159,0.006,0.3,,
IT,Cybersecurity,Customer Service Officer,152,0.006,0.61,,
IT,Cybersecurity,Administrative Assistant,149,0.006,0.69,,
IT,Cybersecurity,Finance Manager,149,0.006,0.63,,
IT,Cybersecurity,Senior Software Engineer,143,0.006,0.24,,
IT,Cybersecurity,Operations Manager,140,0.006,0.34,,
IT,IT Software,Sales Specialist,191,0.006,4,,
IT,IT Software,Customer Success Manager,180,0.006,19,,
IT,IT Hardware,Supervisor,36,0.006,0,,
IT,IT Hardware,Information Technology Specialist,35,0.006,0,,
IT,IT Hardware,Project Manager,35,0.006,0,,
IT,IT Hardware,Buyer,34,0.006,1,,
IT,IT Hardware,Regional Sales Manager,33,0.006,0,,
IT,IT Hardware,System Engineer,31,0.006,0,,
IT,IT Hardware,Operator,31,0.006,6,,
IT,IT Hardware,Sales Executive,31,0.006,2,,
IT,Fintech,Executive Director,351,0.60%,0,,
IT,Fintech,Senior Consultant,322,0.60%,5,,
IT,Fintech,Senior Financial Consultant,319,0.60%,0,,
IT,Fintech,Chief Operating Officer,318,0.60%,0,,
IT,Fintech,Senior Manager,308,0.60%,3,,
IT,Telecommunications,Consultant,159,0.006,0,,
IT,Telecommunications,Customer Service Officer,152,0.006,9,,
IT,Telecommunications,Administrative Assistant,149,0.006,3,,
IT,Telecommunications,Finance Manager,149,0.006,3,,
IT,Telecommunications,Senior Software Engineer,143,0.006,24,,
IT,Telecommunications,Operations Manager,140,0.006,5,,
IT,Networks,Chief Executive Officer,164,0.006,1,,
IT,Networks,Senior Software Engineer,163,0.006,1,,
IT,Networks,Information Technology Engineer,162,0.006,13,,
IT,Networks,Vice President,158,0.006,0,,
IT,Networks,Consultant,154,0.006,0,,
IT,Networks,System Administrator,151,0.006,30,,
IT,Cybersecurity,Customer Service Specialist,129,0.005,0.61,,
IT,Cybersecurity,System Engineer,122,0.005,0.23,,
IT,Cybersecurity,Customer Service Representative,114,0.005,0.63,,
IT,IT Software,Business Development Specialist,156,0.005,1,,
IT,IT Software,Chief Technology Officer,156,0.005,1,,
IT,IT Software,Information Technology Specialist,155,0.005,1,,
IT,IT Software,Marketing Manager,147,0.005,12,,
IT,IT Software,Product Manager,140,0.005,19,,
IT,IT Software,Technical Consultant,139,0.005,5,,
IT,IT Hardware,Consultant,27,0.005,0,,
IT,IT Hardware,Senior Director,27,0.005,0,,
IT,Fintech,Board Member,284,0.50%,0,,
IT,Fintech,Project Manager,276,0.50%,18,,
IT,Fintech,Senior Associate,269,0.50%,4,,
IT,Fintech,Software Engineer,267,0.50%,105,,
IT,Fintech,Senior Vice President,266,0.50%,5,,
IT,Fintech,Wealth Manager,263,0.50%,58,,
IT,Fintech,Business Analyst,253,0.50%,60,,
IT,Telecommunications,Customer Service Specialist,129,0.005,0,,
IT,Telecommunications,System Engineer,122,0.005,0,,
IT,Telecommunications,Customer Service Representative,114,0.005,0,,
IT,Networks,Sales Director,130,0.005,9,,
IT,Networks,Technical Support Engineer,129,0.005,46,,
IT,Networks,Engineer,122,0.005,9,,
IT,Networks,Information Technology Consultant,119,0.005,0,,
IT,Networks,Network Administrator,119,0.005,9,,
IT,Networks,Network Consultant,118,0.005,5,,
IT,Networks,Owner,117,0.005,1,,
IT,Cybersecurity,Vice President,113,0.004,0.14,,
IT,Cybersecurity,Account Executive,111,0.004,0.64,,
IT,Cybersecurity,Solutions Architect,108,0.004,0.24,,
IT,Cybersecurity,Marketing Manager,107,0.004,0.69,,
IT,Cybersecurity,Founder,105,0.004,0.21,,
IT,Cybersecurity,Senior Associate Engineer,104,0.004,0.36,,
IT,Cybersecurity,Technician,101,0.004,0.2,,
IT,Cybersecurity,Senior Account Manager,101,0.004,0.45,,
IT,Cybersecurity,Director Of Business Development,98,0.004,0.21,,
IT,Cybersecurity,Human Resources Manager,96,0.004,0.72,,
IT,Cybersecurity,Account Director,94,0.004,0.46,,
IT,Cybersecurity,Assistant Manager,93,0.004,0.49,,
IT,Cybersecurity,System Analyst,91,0.004,0.53,,
IT,Cybersecurity,Accountant,91,0.004,0.73,,
IT,Cybersecurity,Principal Engineer,91,0.004,0.26,,
IT,Cybersecurity,Business Analyst,91,0.004,0.58,,
IT,Cybersecurity,Engineering Officer,89,0.004,0.33,,
IT,Cybersecurity,Salesperson,89,0.004,0.33,,
IT,Cybersecurity,Marketing Specialist,89,0.004,0.6,,
IT,IT Software,Account Executive,135,0.004,30,,
IT,IT Software,Regional Sales Manager,131,0.004,5,,
IT,IT Software,Solutions Consultant,127,0.004,13,,
IT,IT Software,Developer,124,0.004,5,,
IT,IT Software,Business Analyst,120,0.004,9,,
IT,IT Software,Principal Consultant,119,0.004,4,,
IT,IT Software,Advisor,113,0.004,0,,
IT,IT Software,Teacher,110,0.004,0,,
IT,IT Software,Marketing Specialist,110,0.004,1,,
IT,IT Hardware,Principal Engineer,25,0.004,0,,
IT,IT Hardware,Salesperson,25,0.004,0,,
IT,IT Hardware,Engineering Manager,25,0.004,1,,
IT,IT Hardware,Analyst,24,0.004,0,,
IT,IT Hardware,Operations Manager,23,0.004,0,,
IT,IT Hardware,Founder,22,0.004,0,,
IT,IT Hardware,Accountant,22,0.004,1,,
IT,IT Hardware,Senior Buyer,21,0.004,0,,
IT,IT Hardware,Senior Engineering Manager,21,0.004,0,,
IT,IT Hardware,Director Of Engineering,20,0.004,0,,
IT,IT Hardware,Staff Software Engineer,20,0.004,2,,
IT,Fintech,Managing Partner,242,0.40%,0,,
IT,Fintech,Senior Manager Financial Services,220,0.40%,0,,
IT,Fintech,Director Of Financial Services,217,0.40%,5,,
IT,Fintech,Member,215,0.40%,0,,
IT,Fintech,Assistant Manager,211,0.40%,0,,
IT,Fintech,Product Manager,209,0.40%,42,,
IT,Fintech,Head,207,0.40%,14,,
IT,Fintech,Owner,204,0.40%,0,,
IT,Fintech,Investor,195,0.40%,0,,
IT,Telecommunications,Vice President,113,0.004,0,,
IT,Telecommunications,Account Executive,111,0.004,10,,
IT,Telecommunications,Solutions Architect,108,0.004,14,,
IT,Telecommunications,Marketing Manager,107,0.004,2,,
IT,Telecommunications,Founder,105,0.004,2,,
IT,Telecommunications,Senior Associate Engineer,104,0.004,2,,
IT,Telecommunications,Technician,101,0.004,2,,
IT,Telecommunications,Senior Account Manager,101,0.004,2,,
IT,Telecommunications,Director Of Business Development,98,0.004,2,,
IT,Telecommunications,Human Resources Manager,96,0.004,1,,
IT,Telecommunications,Account Director,94,0.004,1,,
IT,Telecommunications,Assistant Manager,93,0.004,0,,
IT,Telecommunications,System Analyst,91,0.004,3,,
IT,Telecommunications,Accountant,91,0.004,0,,
IT,Telecommunications,Principal Engineer,91,0.004,0,,
IT,Telecommunications,Business Analyst,91,0.004,1,,
IT,Telecommunications,Engineering Officer,89,0.004,0,,
IT,Telecommunications,Salesperson,89,0.004,0,,
IT,Telecommunications,Marketing Specialist,89,0.004,0,,
IT,Networks,Senior Manager,114,0.004,1,,
IT,Networks,Technical Consultant,110,0.004,3,,
IT,Networks,Sales Manager,107,0.004,21,,
IT,Networks,General Manager,102,0.004,0,,
IT,Networks,Assistant Manager,101,0.004,0,,
IT,Networks,Head Of Information Technology,101,0.004,0,,
IT,Networks,Assistant Vice President,100,0.004,0,,
IT,Networks,Network Specialist,99,0.004,12,,
IT,Networks,Information Technology Support Engineer,97,0.004,33,,
IT,Networks,Account Manager,94,0.004,15,,
IT,Networks,Infrastructure Engineer,92,0.004,23,,
IT,Networks,Network Security Engineer,89,0.004,13,,
IT,Cybersecurity,Regional Sales Manager,85,0.003,0.31,,
IT,Cybersecurity,Senior Consultant,85,0.003,0.27,,
IT,Cybersecurity,Senior Project Manager,79,0.003,0.26,,
IT,Cybersecurity,Senior Network Engineer,78,0.003,0.19,,
IT,Cybersecurity,Marketing Executive,76,0.003,0.8,,
IT,Cybersecurity,Technical Manager,73,0.003,0.15,,
IT,Cybersecurity,Field Engineer,72,0.003,0.13,,
IT,Cybersecurity,Senior System Analyst,72,0.003,0.45,,
IT,Cybersecurity,Information Technology Specialist,72,0.003,0.41,,
IT,Cybersecurity,Business Manager,72,0.003,0.35,,
IT,Cybersecurity,Global Account Manager,71,0.003,0.62,,
IT,Cybersecurity,Service Manager,71,0.003,0.26,,
IT,Cybersecurity,Administrative Executive,71,0.003,0.83,,
IT,Cybersecurity,Customer Care Officer,69,0.003,0.63,,
IT,Cybersecurity,Solutions Manager,67,0.003,0.24,,
IT,Cybersecurity,Finance Executive,67,0.003,0.59,,
IT,Cybersecurity,Senior Executive,66,0.003,0.66,,
IT,Cybersecurity,Associate Director,66,0.003,0.36,,
IT,Cybersecurity,Human Resources Specialist,64,0.003,0.65,,
IT,Cybersecurity,Co-Founder,64,0.003,0.26,,
IT,Cybersecurity,Business Development Specialist,63,0.003,0.24,,
IT,IT Software,Board Member,107,0.003,0,,
IT,IT Software,Information Technology Consultant,104,0.003,1,,
IT,IT Software,Team Lead,102,0.003,0,,
IT,IT Software,Solutions Engineer,101,0.003,22,,
IT,IT Software,Director Of Business Development,100,0.003,2,,
IT,IT Software,Regional Sales Director,100,0.003,4,,
IT,IT Software,Investor,98,0.003,0,,
IT,IT Software,Partner,97,0.003,0,,
IT,IT Software,Executive Assistant,97,0.003,0,,
IT,IT Software,Program Manager,96,0.003,6,,
IT,IT Software,Administrative Assistant,95,0.003,1,,
IT,IT Software,Executive,95,0.003,2,,
IT,IT Software,Senior Manager,94,0.003,5,,
IT,IT Software,Finance Manager,90,0.003,3,,
IT,IT Software,Web Developer,88,0.003,1,,
IT,IT Software,Chief Operating Officer,87,0.003,0,,
IT,IT Software,Business Manager,87,0.003,0,,
IT,IT Software,Intern,87,0.003,0,,
IT,IT Software,Senior Technical Consultant,85,0.003,1,,
IT,IT Software,Marketing Director,85,0.003,2,,
IT,IT Software,Regional Director,84,0.003,0,,
IT,IT Software,Human Resources Manager,84,0.003,1,,
IT,IT Software,Data Scientist,83,0.003,2,,
IT,IT Software,Member,82,0.003,0,,
IT,IT Software,Full Stack Engineer,82,0.003,8,,
IT,IT Software,Head Of Sales,81,0.003,0,,
IT,IT Software,Information Technology Manager,80,0.003,0,,
IT,IT Software,Application Consultant,80,0.003,0,,
IT,IT Software,President,80,0.003,0,,
IT,IT Software,System Engineer,78,0.003,4,,
IT,IT Software,System Analyst,78,0.003,2,,
IT,IT Software,Senior Project Manager,77,0.003,4,,
IT,IT Hardware,Executive Assistant,19,0.003,0,,
IT,IT Hardware,Information Technology Manager,19,0.003,0,,
IT,IT Hardware,Technical Support Specialist,18,0.003,0,,
IT,IT Hardware,Program Manager,18,0.003,0,,
IT,IT Hardware,Information Technology Engineer,18,0.003,0,,
IT,IT Hardware,Chief Executive Officer,18,0.003,0,,
IT,IT Hardware,Account Executive,17,0.003,0,,
IT,IT Hardware,Quality Engineer,17,0.003,0,,
IT,IT Hardware,Executive Director,17,0.003,0,,
IT,IT Hardware,Team Lead,16,0.003,0,,
IT,IT Hardware,Service Engineer,16,0.003,0,,
IT,IT Hardware,Vice President,16,0.003,0,,
IT,IT Hardware,Instructor,15,0.003,0,,
IT,IT Hardware,Maintenance Specialist,15,0.003,0,,
IT,IT Hardware,Equipment Engineer,15,0.003,0,,
IT,IT Hardware,Executive,15,0.003,0,,
IT,IT Hardware,Self Employed,15,0.003,0,,
IT,Fintech,Head Of Sales,192,0.30%,3,,
IT,Fintech,Financial Services Professional,189,0.30%,32,,
IT,Fintech,Mentor,189,0.30%,0,,
IT,Fintech,Senior Software Engineer,188,0.30%,41,,
IT,Fintech,Senior Consultant Financial Services,187,0.30%,6,,
IT,Fintech,Member Of The Board Of Advisors,182,0.30%,0,,
IT,Fintech,Sales Director,172,0.30%,21,,
IT,Fintech,General Manager,169,0.30%,0,,
IT,Fintech,Director Of Business Development,165,0.30%,8,,
IT,Fintech,Analyst,163,0.30%,9,,
IT,Fintech,Chief Financial Officer,163,0.30%,9,,
IT,Fintech,Financial Planner,155,0.30%,4,,
IT,Fintech,Advisor,155,0.30%,0,,
IT,Fintech,Chief Technology Officer,155,0.30%,6,,
IT,Fintech,Business Development Specialist,150,0.30%,7,,
IT,Fintech,Head Of Information Technology,150,0.30%,5,,
IT,Fintech,Principal Consultant,145,0.30%,0,,
IT,Fintech,Account Manager,144,0.30%,23,,
IT,Fintech,Finance Manager,143,0.30%,10,,
IT,Fintech,Business Manager,142,0.30%,5,,
IT,Fintech,Executive,140,0.30%,6,,
IT,Telecommunications,Regional Sales Manager,85,0.003,2,,
IT,Telecommunications,Senior Consultant,85,0.003,0,,
IT,Telecommunications,Senior Project Manager,79,0.003,7,,
IT,Telecommunications,Senior Network Engineer,78,0.003,1,,
IT,Telecommunications,Marketing Executive,76,0.003,2,,
IT,Telecommunications,Technical Manager,73,0.003,0,,
IT,Telecommunications,Field Engineer,72,0.003,1,,
IT,Telecommunications,Senior System Analyst,72,0.003,0,,
IT,Telecommunications,Information Technology Specialist,72,0.003,4,,
IT,Telecommunications,Business Manager,72,0.003,1,,
IT,Telecommunications,Global Account Manager,71,0.003,0,,
IT,Telecommunications,Service Manager,71,0.003,2,,
IT,Telecommunications,Administrative Executive,71,0.003,6,,
IT,Telecommunications,Customer Care Officer,69,0.003,2,,
IT,Telecommunications,Solutions Manager,67,0.003,1,,
IT,Telecommunications,Finance Executive,67,0.003,2,,
IT,Telecommunications,Senior Executive,66,0.003,4,,
IT,Telecommunications,Associate Director,66,0.003,2,,
IT,Telecommunications,Human Resources Specialist,64,0.003,0,,
IT,Telecommunications,Co-Founder,64,0.003,0,,
IT,Telecommunications,Business Development Specialist,63,0.003,1,,
IT,Networks,Operations Manager,87,0.003,5,,
IT,Networks,Project Engineer,87,0.003,0,,
IT,Networks,DevOps Engineer,85,0.003,0,,
IT,Networks,Senior Network Consultant,83,0.003,2,,
IT,Networks,Service Project Manager,80,0.003,2,,
IT,Networks,Director Of Business Development,80,0.003,2,,
IT,Networks,Senior Engineer,79,0.003,2,,
IT,Networks,Chief Technology Officer,73,0.003,1,,
IT,Networks,Technical Manager,73,0.003,1,,
IT,Networks,Associate,72,0.003,0,,
IT,Networks,Executive,71,0.003,10,,
IT,Networks,Product Manager,69,0.003,0,,
IT,Networks,Regional Sales Manager,69,0.003,8,,
IT,Networks,Solutions Consultant,68,0.003,2,,
IT,Networks,Sales Engineer,67,0.003,13,,
IT,Networks,Team Lead,66,0.003,0,,
IT,Networks,Lead Consultant,65,0.003,0,,
IT,Networks,Assistant It Manager,65,0.003,2,,
IT,Networks,Information Technology Support Specialist,64,0.003,17,,
IT,Networks,Desktop Support Engineer,64,0.003,12,,
IT,Cybersecurity,Human Resources Executive,62,0.002,0.73,,
IT,Cybersecurity,Customer Service Executive,62,0.002,0.61,,
IT,Cybersecurity,Vice President of Sales,59,0.002,0.15,,
IT,Cybersecurity,Administrator,59,0.002,0.61,,
IT,Cybersecurity,Senior System Engineer,58,0.002,0.29,,
IT,Cybersecurity,Head Of Sales,58,0.002,0.28,,
IT,Cybersecurity,Regional Sales Director,57,0.002,0.1,,
IT,Cybersecurity,Technical Support Engineer,56,0.002,0.28,,
IT,Cybersecurity,Network Specialist,55,0.002,0.29,,
IT,Cybersecurity,Service Engineer,55,0.002,0.26,,
IT,Cybersecurity,Sales Consultant,54,0.002,0.36,,
IT,Cybersecurity,Board Member,53,0.002,0.11,,
IT,Cybersecurity,Information Technology Manager,53,0.002,0.35,,
IT,Cybersecurity,Head,53,0.002,0.19,,
IT,Cybersecurity,Product Marketing Manager,52,0.002,0.72,,
IT,Cybersecurity,Technical Consultant,52,0.002,0.17,,
IT,Cybersecurity,Information Technology Analyst,51,0.002,0.54,,
IT,Cybersecurity,Project Coordinator,50,0.002,,,
IT,Cybersecurity,Team Lead,50,0.002,,,
IT,Cybersecurity,Sales Engineer,50,0.002,,,
IT,Cybersecurity,Chief Technology Officer,48,0.002,,,
IT,Cybersecurity,Telecommunications Engineer,48,0.002,,,
IT,Cybersecurity,Lead System Analyst,48,0.002,,,
IT,Cybersecurity,Program Manager,47,0.002,,,
IT,Cybersecurity,Executive Assistant,46,0.002,,,
IT,Cybersecurity,Management Associate,46,0.002,,,
IT,Cybersecurity,Solutions Consultant,45,0.002,,,
IT,Cybersecurity,Financial Analyst,43,0.002,,,
IT,Cybersecurity,Operational Specialist,43,0.002,,,
IT,IT Software,Operations Manager,75,0.002,1,,
IT,IT Software,Human Resources Specialist,74,0.002,0,,
IT,IT Software,Senior Solutions Architect,73,0.002,0,,
IT,IT Software,Analyst,73,0.002,0,,
IT,IT Software,Salesperson,72,0.002,1,,
IT,IT Software,Software Consultant,72,0.002,1,,
IT,IT Software,Member Of The Board Of Advisors,72,0.002,0,,
IT,IT Software,Lecturer,71,0.002,0,,
IT,IT Software,Senior Vice President,71,0.002,0,,
IT,IT Software,Account Director,70,0.002,2,,
IT,IT Software,Principal Software Engineer,69,0.002,3,,
IT,IT Software,Lead,68,0.002,0,,
IT,IT Software,Head,68,0.002,3,,
IT,IT Software,Technical Lead,67,0.002,1,,
IT,IT Software,Sales Engineer,67,0.002,5,,
IT,IT Software,Head Of Marketing,66,0.002,0,,
IT,IT Software,Operational Specialist,66,0.002,0,,
IT,IT Software,Accountant,64,0.002,0,,
IT,IT Software,Sales Executive,64,0.002,10,,
IT,IT Software,Freelance,63,0.002,0,,
IT,IT Software,Administrator,63,0.002,0,,
IT,IT Software,Partnerships Manager,62,0.002,5,,
IT,IT Software,Researcher,62,0.002,1,,
IT,IT Software,Self Employed,61,0.002,0,,
IT,IT Software,Application Developer,60,0.002,7,,
IT,IT Software,Technician,60,0.002,2,,
IT,IT Software,Specialist,60,0.002,7,,
IT,IT Software,Mentor,60,0.002,0,,
IT,IT Software,Business Development Executive,60,0.002,7,,
IT,IT Software,Executive Director,60,0.002,0,,
IT,IT Software,Senior Solutions Consultant,59,0.002,4,,
IT,IT Software,Sales Lead,59,0.002,0,,
IT,IT Hardware,Firmware Engineer,14,0.002,2,,
IT,IT Hardware,Technical Manager,14,0.002,0,,
IT,IT Hardware,Marketing Manager,14,0.002,0,,
IT,IT Hardware,Assistant Engineer,14,0.002,0,,
IT,IT Hardware,Sales Director,14,0.002,0,,
IT,IT Hardware,Information Technology Consultant,14,0.002,0,,
IT,IT Hardware,Technical Specialist,13,0.002,0,,
IT,IT Hardware,Senior Development Engineer,13,0.002,0,,
IT,IT Hardware,Co-Founder,13,0.002,0,,
IT,IT Hardware,Administrator,13,0.002,0,,
IT,IT Hardware,Marketing Specialist,12,0.002,0,,
IT,IT Hardware,Computer Technician,12,0.002,0,,
IT,IT Hardware,Product Specialist,12,0.002,0,,
IT,IT Hardware,Human Resources Specialist,12,0.002,0,,
IT,IT Hardware,Production Operator,12,0.002,0,,
IT,IT Hardware,Customer Service Executive,12,0.002,0,,
IT,IT Hardware,Sales Account Manager,12,0.002,1,,
IT,IT Hardware,Information Technology Support Specialist,12,0.002,0,,
IT,IT Hardware,Senior Firmware Engineer,12,0.002,0,,
IT,IT Hardware,Assistant Manager,12,0.002,0,,
IT,IT Hardware,Sound Specialist,12,0.002,0,,
IT,IT Hardware,Sales Engineer,12,0.002,0,,
IT,IT Hardware,Mechanical Engineer,11,0.002,0,,
IT,IT Hardware,System Analyst,11,0.002,0,,
IT,IT Hardware,Staff Project Manager,11,0.002,0,,
IT,IT Hardware,Information Technology Technician,11,0.002,0,,
IT,IT Hardware,Senior Analyst,11,0.002,0,,
IT,IT Hardware,Senior Program Manager,11,0.002,0,,
IT,IT Hardware,Senior Sales Manager,10,0.002,0,,
IT,IT Hardware,Staff Firmware Engineer,10,0.002,0,,
IT,IT Hardware,Design Engineer,10,0.002,0,,
IT,IT Hardware,Senior Supervisor,10,0.002,0,,
IT,IT Hardware,System Administrator,10,0.002,0,,
IT,IT Hardware,Senior Commodity Manager,10,0.002,0,,
IT,IT Hardware,Regional Account Manager,10,0.002,0,,
IT,IT Hardware,Senior Information Technology Engineer,10,0.002,0,,
IT,IT Hardware,Business Director,9,0.002,0,,
IT,IT Hardware,Technical Support Engineer,9,0.002,0,,
IT,IT Hardware,Operational Specialist,9,0.002,0,,
IT,IT Hardware,Teacher,9,0.002,0,,
IT,Fintech,Senior Financial Advisor,138,0.20%,0,,
IT,Fintech,Program Manager,138,0.20%,4,,
IT,Fintech,Head Of Operations,131,0.20%,4,,
IT,Fintech,Senior Director,129,0.20%,0,,
IT,Fintech,Principal,128,0.20%,0,,
IT,Fintech,Head Of Finance,127,0.20%,15,,
IT,Fintech,Chairperson,127,0.20%,0,,
IT,Fintech,Head Of Marketing,124,0.20%,7,,
IT,Fintech,Head Of Compliance,114,0.20%,31,,
IT,Fintech,Senior Project Manager,113,0.20%,2,,
IT,Fintech,Senior Business Analyst,113,0.20%,11,,
IT,Fintech,Digital Specialist,109,0.20%,8,,
IT,Fintech,President,108,0.20%,0,,
IT,Fintech,Head Of Digital,103,0.20%,0,,
IT,Fintech,Head of Product,100,0.20%,2,,
IT,Fintech,Compliance Officer,97,0.20%,17,,
IT,Fintech,Marketing Manager,96,0.20%,20,,
IT,Fintech,Audit Associate,96,0.20%,0,,
IT,Fintech,Vice President Financial Services,95,0.20%,9,,
IT,Fintech,Sales Manager,94,0.20%,22,,
IT,Fintech,Compliance Manager,94,0.20%,6,,
IT,Fintech,Solutions Architect,92,0.20%,20,,
IT,Fintech,Non Executive Director,92,0.20%,0,,
IT,Fintech,Compliance Specialist,91,0.20%,8,,
IT,Fintech,Client Advisor,91,0.20%,5,,
IT,Fintech,Senior Relationship Manager,91,0.20%,4,,
IT,Fintech,Head Of Business Development,90,0.20%,0,,
IT,Fintech,Lead,90,0.20%,0,,
IT,Fintech,Recruitment Consultant,90,0.20%,0,,
IT,Fintech,Researcher,88,0.20%,7,,
IT,Fintech,Management Consultant,88,0.20%,2,,
IT,Fintech,Sales Specialist,87,0.20%,13,,
IT,Fintech,Ambassador,84,0.20%,0,,
IT,Fintech,Human Resources Business Partner,84,0.20%,6,,
IT,Telecommunications,Human Resources Executive,62,0.002,1,,
IT,Telecommunications,Customer Service Executive,62,0.002,2,,
IT,Telecommunications,Vice President of Sales,59,0.002,0,,
IT,Telecommunications,Administrator,59,0.002,0,,
IT,Telecommunications,Senior System Engineer,58,0.002,0,,
IT,Telecommunications,Head Of Sales,58,0.002,0,,
IT,Telecommunications,Regional Sales Director,57,0.002,0,,
IT,Telecommunications,Technical Support Engineer,56,0.002,2,,
IT,Telecommunications,Network Specialist,55,0.002,0,,
IT,Telecommunications,Service Engineer,55,0.002,0,,
IT,Telecommunications,Sales Consultant,54,0.002,2,,
IT,Telecommunications,Board Member,53,0.002,0,,
IT,Telecommunications,Information Technology Manager,53,0.002,0,,
IT,Telecommunications,Head,53,0.002,0,,
IT,Telecommunications,Product Marketing Manager,52,0.002,1,,
IT,Telecommunications,Technical Consultant,52,0.002,0,,
IT,Telecommunications,Information Technology Analyst,51,0.002,0,,
IT,Telecommunications,Project Coordinator,50,0.002,2,,
IT,Telecommunications,Team Lead,50,0.002,0,,
IT,Telecommunications,Sales Engineer,50,0.002,1,,
IT,Telecommunications,Chief Technology Officer,48,0.002,0,,
IT,Telecommunications,Telecommunications Engineer,48,0.002,1,,
IT,Telecommunications,Lead System Analyst,48,0.002,0,,
IT,Telecommunications,Program Manager,47,0.002,0,,
IT,Telecommunications,Executive Assistant,46,0.002,3,,
IT,Telecommunications,Management Associate,46,0.002,0,,
IT,Telecommunications,Solutions Consultant,45,0.002,1,,
IT,Telecommunications,Financial Analyst,43,0.002,0,,
IT,Telecommunications,Operational Specialist,43,0.002,4,,
IT,Networks,Solutions Engineer,63,0.002,6,,
IT,Networks,Senior Project Manager,63,0.002,1,,
IT,Networks,Cyber Security Specialist,63,0.002,0,,
IT,Networks,System Consultant,60,0.002,2,,
IT,Networks,Security Consultant,60,0.002,3,,
IT,Networks,Associate Director,59,0.002,5,,
IT,Networks,Senior Solutions Architect,59,0.002,1,,
IT,Networks,Head Of Sales,58,0.002,1,,
IT,Networks,Program Manager,57,0.002,0,,
IT,Networks,Security Engineer,57,0.002,13,,
IT,Networks,Business Development Specialist,56,0.002,5,,
IT,Networks,Member,56,0.002,0,,
IT,Networks,Service Engineer,55,0.002,1,,
IT,Networks,Data Center Engineer,55,0.002,3,,
IT,Networks,Teacher,54,0.002,0,,
IT,Networks,Senior Executive,54,0.002,2,,
IT,Networks,Senior Information Technology Engineer,53,0.002,1,,
IT,Networks,Technical Lead,52,0.002,3,,
IT,Networks,Associate Engineer,52,0.002,0,,
IT,Networks,Lead Software Engineer,52,0.002,0,,
IT,Networks,Partner,52,0.002,0,,
IT,Networks,Cyber Security Consultant,52,0.002,1,,
IT,Networks,Senior System Administrator,51,0.002,5,,
IT,Networks,Data Specialist,49,0.002,1,,
IT,Networks,Account Director,48,0.002,5,,
IT,Networks,Head,48,0.002,0,,
IT,Networks,Information Technology Infrastructure Manager,48,0.002,5,,
IT,Networks,Cloud Engineer,48,0.002,8,,
IT,Networks,Principal Consultant,48,0.002,0,,
IT,Networks,Support Engineer,48,0.002,22,,
IT,Networks,Cyber Security Engineer,48,0.002,18,,
IT,Networks,Lead,46,0.002,0,,
IT,Networks,Director Of Information Technology,46,0.002,0,,
IT,Networks,Information Technology Supervisor,46,0.002,2,,
IT,Networks,Technical Specialist,46,0.002,2,,
IT,Networks,Specialist,45,0.002,0,,
IT,Networks,Network Support Engineer,45,0.002,3,,
IT,Networks,Presales Consultant,44,0.002,3,,
IT,Fintech,Investment Specialist,82,0.10%,0,,
IT,Fintech,Senior Associate Auditor,81,0.10%,0,,
IT,Fintech,Head Of Risk,81,0.10%,2,,
IT,Fintech,Senior Business Development Manager,81,0.10%,10,,
IT,Cloud Computing,Regional Sales Director,175,0,1,,
IT,Cloud Computing,Account Director,150,0,3,,
IT,Cloud Computing,Account Manager,264,-0.007,14,,
IT,Cloud Computing,General Manager,266,-0.019,0,,
IT,Cloud Computing,Lead Consultant,95,-0.032,1,,
IT,Cloud Computing,Chief Operating Officer,121,-0.035,0,,
IT,Cloud Computing,Vice President of Sales,89,-0.078,4,,
IT,Cloud Computing,Regional Director,106,-0.105,2,,